Microorganism Name,Microorganism ID
Lactobacillus,1
Desulfovibrio,2
Clostridia cluster I,3
Eggerthella lenta,4
Streptococcus thermophiles,5
Faecalibacterium prausnitzii,6
Anaerostipes hadrus,7
Eubacterium rectale,8
Clostridium,9
Bacteroides stercoris,10
Bacteroides coprocola,11
Lactobacillus rogosae,12
Lachnospira pectinoschiza,13
Roseburia,14
Sutterella wadsworthensis,15
Bacteroides coprophilus,16
Desulfotomaculum,17
Prevotella copri,18
Megamonas funiformis,19
Ruminococcus gnavus,20
Dialister invisus,21
Bifidobacterium adolescentis,22
Parvimonas micra,23
Prevotella melaninogenica,24
Peptostreptococcus anaerobius,25
Staphylococcus aureus,26
Streptococcus anginosus,27
Streptococcus mutans,28
Bacteroides ureolyticus,29
Campylobacter gracilis,30
Streptococcus intermedius,31
Streptococcus mitis,32
Bifidobacterium,33
Ruminococcus productus,34
Veillonella,35
Bacteroides,36
Pseudomonas aeruginosa,37
Bifidobacterium catenulatum,38
Bifidobacterium longum,39
Bifidobacterium dentium,40
Enterococcus,41
Enterobacter,42
Prevotella,43
Akkermansia muciniphila,44
Bacteroides intestinalis,45
Clostridium boltae,46
Clostridium hathewayi,47
Clostridium ramosum,48
Clostridium symbiosum,49
Escherichia coli,50
Alistipes,51
Parabacteroides,52
Subdoligranulum,53
Lachnospiraceae,54
Haemophilus parainfluenzae,55
Roseburia intestinalis,56
Roseburia Inulinivorans,57
Eubacterium,58
Erysipelotrichaceae,59
Bacteroides vulgatus,60
Streptococcus,61
Escherichia,62
Lachnospira,63
Faecalibacterium,64
Acidaminococcus,65
Akkermansia,66
Citrobacter,67
Leptospira,68
Pseudoalteromonas,69
Desulfosporosinus,70
Microcystis,71
Methylobacter,72
Shigella,73
Ruminococcus callidus,74
Ruminococcus bromii,75
Fusobacterium,76
Parvimonas,77
Peptostreptococcus,78
Dialister,79
Mobiluncus,80
Erysipelotrichaceae incertae sedis,81
Serratia,82
Proteus,83
Pyramidobacter,84
Hallella,85
Methylobacterium,86
Peptostreptococcaceae incertae sedis,87
Selenomonas,88
Mycoplasma,89
Catonella,90
Aggregatibacter,91
Staphylococcus,92
Treponema,93
Schlegelella,94
Moraxella,95
Capnocytophaga,96
Helicobacter,97
Pandoraea,98
Abiotrophia,99
Propionibacterium,100
Aeromonas,101
Ferribacter thermoautotrophicus,102
Mannheimia,103
Lyrodus pedicellatus,104
Nitrosomonas eutropha,105
Calyptogena magnifica,106
Fucophilus fucoidanolyticus,107
Dietzia maris,108
Clostridium acetobutylicum,109
Bifidobacterium breve,110
Thermosipho,111
Thiomicrospira crunogena,112
Sphingobacterium,113
Hymenobacter,114
Nodularia sphaerocarpa,115
Bifidobacterium thermacidophilum porcinum,116
Mitrastema yamamotoi,117
Symbiobacterium toebii,118
Sphingopyxis flavimaris,119
Corynebacterium jeikeium,120
Streptococcus pneumoniae,121
Klebsiella pneumoniae,122
Anaerotruncus,123
Bacillus,124
Cellulosilyticum,125
Christensenella,126
Coprococcus,127
Holdemania,128
Odoribacter,129
Pseudoflavonifractor,130
Ruminococcus,131
Sarcina,132
Turicibacter,133
Actinomyces,134
Blautia faecis,135
Ruminococcus torques,136
Clostridium lavalense,137
Bacteriodes uniformis,138
Christensenella minuta,139
Holdemania filiformis,140
Eubacterium fissicatena,141
Flavonifractor plautii,142
Alistipes putredinis,143
Clostridium lituseburense,144
Clostridium asparagiform,145
Clostridium disporicum,146
Clostridium lactatifermentans,147
Pseudoflavonifractor capillosus,148
Eubacterium ventriosum,149
Eubacterium desmolans,150
Bacteroides thetaiotaomicron,151
Pseudomonas straminea,152
Bacillus licheniformis,153
Gluconobacter oxydans,154
Klebsiella oxytoca,155
Enterobacter cloacae,156
Hathewaya histolytica,157
Sutterella stercoricanis,158
Veillonellaceae,159
Desulfovibrio desulfuricans,160
Desulfovibrio intestinalis,161
Desulfovibrio piger,162
Sutterella,163
Clostridium methylpentosum,164
Eubacterium eligens,165
Eubacterium ruminantium,166
Phascolarctobacterium faecium,167
Parabacteroides distasonis,168
Prevotella oulorum,169
Collinsella,170
Bifidobacterium angulatum,171
Clostridium leptum,172
Sporobacter termitidis,173
Clostridium aminobutyricum,174
Paraclostridium bifermentans,175
Clostridium butyricum,176
Clostridium clostridioforme,177
Clostridium cocleatum,178
Clostridioides difficile,179
Terrisporobacter glycolicus,180
Clostridium innocuum,181
Clostridium perfringens,182
Erysipelatoclostridium ramosum,183
Clostridium scindens,184
Paeniclostridium sordellii,185
Clostridium spiroforme,186
Clostridium subterminale,187
Clostridium tertium,188
Ruminococcus albus,189
Ruminococcus flavefaciens,190
Ruminococcus lactaris,191
Bacteroidales,192
Oscillibacter,193
Blautia,194
Lachnospiraceae incertae sedis,195
Megamonas,196
Phascolarctobacterium,197
Parasutterella,198
Bacteroidaceae,199
Proteobacteria,200
Actinobacteria,201
Ruminococcaceae,202
Methanobrevibacter,203
Butyricimonas,204
Enterococcus faecalis,205
Streptococcus sanguinis,206
Ethanoligenens,207
Moryella,208
Lactonifactor,209
Syntrophococcus,210
Asaccharobacter,211
Enterobacteriaceae,212
Bifidobacteriaceae,213
Methanobrevibacter smithii,214
Prevotellaceae,215
Dorea,216
Oscillospira,217
Ralstonia,218
Blautia coccoides,219
Bacteroides fragilis,220
Solobacterium,221
Lactobacillaceae,222
Coriobacteriaceae,223
Rothia,224
Leptotrichia,225
Haemophilus,226
Neisseria,227
Gemella,228
Corynebacterium,229
Granulicatella,230
Pasteurellaceae,231
Micrococcaceae,232
Carnobacteriaceae,233
Porphyromonadaceae,234
Staphylococcaceae,235
Enterococcaceae,236
Clostridiales XIV,237
Streptococcaceae,238
Fusobacteriaceae,239
Anaerovorax,240
Peptococcus,241
Catenibacterium,242
Lactococcus,243
Asteroleplasma,244
Lactobacillus fermentum,245
Shigella flexneri,246
Listeria,247
Enterococcus faecium,248
Fusobacterium varium,249
TM7,250
Oxalobacter,251
Raoultella,252
Dehalobacter,253
Fusibacter,254
Oxobacter,255
Parasporobacterium,256
Bacteroides ovatus,257
Bacteroides plebeius,258
Prevotella oralis,259
Prevotella ruminicola,260
Prevotella tannerae,261
Tannerella,262
Aneurinibacillus,263
Papillibacter,264
Marvinbryantia,265
Tyzzerella nexilis,266
Coprococcus eutactus,267
Microbacterium,268
Anoxybacillus,269
Campylobacter,270
Bacteroides finegoldii,271
Ruminococcus obeum,272
Dorea formicigenerans,273
Lachnobacterium bovis,274
Pseudobutyrivibrio ruminis,275
Bacteroides capillosus,276
Dialister pneumosintes,277
Megamonas hypermegale,278
Acidaminobacter,279
Citrobacter farmeri,280
Fusobacterium nucleatum,281
Epilithonimonas,282
Flavobacterium,283
Pedobacter,284
Caulobacter,285
Brevundimonas,286
Sphingomonas,287
Acidovorax,288
Janthinobacterium,289
Buttiauxella,290
Rahnella,291
Acinetobacter,292
Psychrobacter,293
Pseudomonas,294
Stenotrophomonas,295
Atopobium,296
Aquabacterium,297
Cloacibacterium,298
Ochrobactrum,299
Paraprevotella,300
Acidocella,301
Mogibacterium,302
Klebsiella,303
Anaerostipes,304
Porphyromonas,305
Anaerococcus,306
Slackia,307
Anaeroglobus,308
Lactobacillus gasseri,309
Lactobacillus salivarius,310
Desulfurispirillum indicum,311
Clostridium beijerinckii,312
Clostridium botulinum,313
Pyramidobacter piscolens,314
Clostridium thermocellum,315
Eubacterium yurii,316
Eubacterium nodatum,317
Lactobacillus reuteri,318
Lactobacillus plantarum,319
Actinomyces viscosus,320
Campylobacter concisus,321
Veillonella parvula,322
Filifactor alocis,323
Bacteroidetes,324
Bifidobacterium infantis,325
Selenomonas noxia,326
Streptococcus oralis,327
Streptococcus gordonii,328
Peptostreptococcus micros,329
Streptococcus constellatus,330
Prevotella intermedia,331
Prevotella nigrescens,332
Capnocytophaga ochracea,333
Porphyromonas gingivalis,334
Capnocytophaga sputigena,335
Tanerella forsythia,336
Capnocytophaga gingivalis,337
Neisseria mucosa,338
Aggregatibacter actinomycetemcomitans,339
Campylobacter rectus,340
Eikenella corrodens,341
Fusobacterium periodonticum,342
Treponema socranskii,343
Treponema denticola,344
Gammaproteobacteria,345
Staphylococcus epidermidis,346
Clostridium cluster IV,347
Mitis group streptococci,348
Burkholderia,349
Bifidobacterium bifidum,350
Bacteroides-Prevotella group,351
Rikenellaceae,352
Brachyspira,353
Barnesiellaceae,354
Peptostreptococcaceae,355
Verrucomicrobium,356
Erwinia,357
Trabsulsiella,358
Rikenella,359
Streptococcus parasanguinis,360
Blautia obeum,361
Enterococcus sp. NBRC 107345,362
Lactobacillus iners,363
Lactobacillus crispatus,364
Bulleidia moorei,365
Bulleidia,366
Coprococcus catus,367
Eubacterium biforme,368
Catenibacterium mitsuokai,369
Prevotella stercorea,370
Dialister propionicifaciens,371
Mitsuokella jalaludinii,372
Allisonella histaminiformans,373
Megasphaera elsdenii,374
Acidaminococcus fermentans,375
Pseudomonadales,376
Veillonella dispar,377
Rothia mucilaginosa,378
Barnesiella,379
Christensenellaceae,380
Brucellaceae,381
Xanthomonadaceae,382
Thalassospira,383
Firmicutes,384
Salmonella,385
Eggerthella,386
Bergeyella,387
Butyrivibrio,388
Pseudobutyrivibrio,389
Actinobacillus,390
Clostridium cluster XIVa,391
Porphyromonas catoniae,392
Actinobacillus pleuropneumoniae,393
Gemella morbillorum,394
Granulicatella elegans,395
Haemophilus quentini,396
Haemophilus segnis,397
Streptococcus salivarius,398
Veillonella ratti,399
Tropheryma whipplei,400
Neisseria elongata,401
Granulicatella adiacens,402
Oribacterium,403
Prevotella histicola,404
Neisseria flavescens,405
Streptococcus cristatus,406
Aggregatibacter aphrophilus,407
Prevotella nanceiensis,408
Actinomyces massiliensis,409
Gemella haemolysans,410
Streptococcus australis,411
Streptococcus vestibularis,412
Gemella sanguinis,413
Fusobacterium necrophorum,414
Variovorax,415
Propionibacterium acidifaciens,416
Prevotella multisaccharivorax,417
Olsenella profusa,418
Delftia acidovorans,419
Flavisolibacter,420
Geobacillus,421
Cupriavidus,422
Gardnerella,423
Megasphaera,424
Leptotrichia amnionii,425
Gardnerella vaginalis,426
Atopobium vaginae,427
Aerococcus christensenii,428
Dialister micraerophilus,429
Prevotella timonensis,430
Sneathia,431
Actinomycetaceae,432
Allisonella,433
Propionibacteriaceae,434
Peptoniphilus,435
Rhodobaca,436
Mobiluncus curtisii,437
Mobiluncus mulieris,438
Prevotella bivia,439
Prevotella disiens,440
Sneathia sanguinegens,441
Alloiococcus,442
Aerococcus,443
Anaerococcus tetradius,444
Eubacterium limosum,445
Bacteroides xylanisolvens,446
Veillonella atypica,447
Novosphingobium,448
Haemophilus parahaemolyticus,449
Propionibacterium acnes,450
Micrococcus luteus,451
Terrahaemophilus,452
Eubacterium saburreum,453
Centipeda periodontii,454
Lactobacillus sakei,455
Afipia,456
Curvibacter,457
Undibacterium,458
Leptolyngbya,459
Cryptobacterium,460
Olsenella,461
Nocardioides,462
Arthrobacter,463
Modestobacter,464
Humicoccus,465
Thermoactinomyces,466
Centipeda,467
Anaerosporobacter,468
Balneimonas,469
Kingella,470
Desulfobulbus,471
Dysgonomonas,472
Clostridium group XI,473
Streptophyta,474
Enhydrobacter,475
Lactobacillales	,476
Globicatella,477
Dorea longicatena,478
Prevotella pallens,479
Simonsiella muelleri,480
Alloscardovia omnicolens,481
Prevotella scopos,482
prevotella shahii,483
Treponema putidum,484
prevotella salivae,485
Lactobacillus acidophilus,486
Clostridium cluster XVIII,487
Fusobacteria,488
Spirochaetes,489
Synergistetes,490
Kocuria,491
Myceligenerans,492
Paracoccus,493
Filifactor,494
Chloroflexi,495
Tenericutes,496
Leclercia,497
Pelobacter,498
Wolinella,499
Methylophilus,500
Propionimicrobium,501
Cronobacter,502
Bdellovibrio,503
Methylotenera,504
Actinobaculum,505
Ureaplasma urealyticum,506
Microvirgula,507
Oribacterium sinus,508
Gemellales,509
Parascardovia,510
Caldalkalibacillus,511
Nesterenkonia,512
Aeribacillus,513
Halomonas,514
Alcaligenaceae,515
Peptococcaceae,516
Leuconostoc,517
Shuttleworthia,518
Finegoldia,519
Bilophila,520
Brevibacterium,521
Lachnobacterium,522
Shewanella algae,523
Leptotrichia wadei,524
Peptostreptococcus stomatis,525
Micrococcus,526
Bartonellaceae,527
Aestuariimicrobium,528
Curtobacterium,529
Corynebacterium accolens,530
Alicycliphilus,531
Prevotella dentalis,532
Nocardia asteroides,533
Haemophilus influenzae,534
Corynebacterium pseudodiphtheriticum,535
Streptococcus agalactiae,536
Moraxella catarrhalis,537
Carnobacterium alterfunditum,538
Enterococcus mundtii,539
Pediococcus pentosaceus,540
Corynebacterium tuberculostearicum,541
Lactobacillus ruminis,542
Methanosphaera,543
Pseudoramibacter,544
Clostridiaceae,545
Tissierellaceae,546
Leptotrichiaceae,547
Cardiobacterium,548
Pseudomonadaceae,549
Cyanobacteria,550
Pelomonas,551
Bacteroides caccae,552
Odoribacteraceae,553
Anaerofustis,554
Bacteroides eggerthii,555
Alistipes indistinctus,556
Anaerofilum,557
Clostridium bartletti,558
Roseburia faecis,559
Roseburia hominis,560
Enterococcus casseliflavus,561
Turicibacter sanguinis,562
Bacteroides massiliensis,563
Barnesiella intestinihominis,564
Alistipes onderdonkii,565
Alistipes shahii,566
Caloramator,567
Clostridium aminophilum,568
Eubacterium coprostanoligenes,569
Eubacterium siraeum,570
Odoribacter splanchnicus,571
Parasutterella excrementihominis,572
Enterobacter hormaechei,573
Parascardovia denticolens,574
Alloprevotella,575
Stomatobaculum,576
Lachnoanaerobaculum umeaense,577
Alicyclobacillus,578
Prevotella pleuritidis,579
Treponema maltophilum,580
Rothia aeria,581
Prevotella oris,582
Fretibacterium fastidiosum,583
Deltaproteobacteria,584
Shewanella,585
Dermacoccus,586
Actinomycetales	,587
Comamonas,588
Rubrobacter,589
Clostridium saccharolyticum,590
Tyzzerella,591
Lachnoclostridium,592
Hungatella,593
Peptoclostridium,594
Ruminiclostridium,595
Lachnoanaerobaculum,596
Rhodococcus,597
Flavonifractor,598
anaerobacter,599
Clostridium cellulosi,600
Arthrospira,601
Deinococcaceae,602
Bacteriodes-Prevotella,603
Corynebacterium kroppenstedtii,604
Chlamydia,605
Rathayibacter,606
Yimella,607
Aeromicrobium,608
Pseudonocardia,609
Tessaracoccus,610
Skermanella,611
Dyadobacter,612
Roseomonas,613
Cellvibrio,614
Geminicoccus,615
Propionibacterium humerusii,616
Propionibacterium granulosum,617
Comamonadaceae,618
Dechloromonas,619
Paenibacillus,620
uncultured Clostridiales II,621
Morganella,622
Succinivibrio,623
Eubacterium cylindroides,624
Bergeriella,625
Coprobacillus,626
Corynebacterium propinquum,627
Moraxella nonliquefaciens,628
Porphyromonas endodontalis,629
Actinomyces oris,630
Corynebacterium durum,631
Sphingomonadaceae,632
Nitrosomonadaceae,633
Oxalobacteraceae,634
Gemmiger,635
Alphaproteobacteria,636
Rhizobiales,637
Phyllobacterium,638
Verrucomicrobia,639
Rothia dentocariosa,640
Actinomyces graevenitzii,641
Veillonella sp. oral taxon 780,642
Leptotrichia sp. oral clone FP036,643
Enterorhabdus,644
Gordonibacter,645
Butyricicoccus pullicaecorum,646
Varibaculum,647
Clostridium coccoides group,648
Clostridium leptum subgroup,649
Bacteroides fragilis group,650
Eubacterium saphenum,651
Mogibacterium timidum,652
Treponema parvum,653
Lactobacilli,654
Lautropia mirabilis,655
tannerella forsythia,656
Burkholderia cepacia,657
Actinomyces gerencseriae,658
Actinomyces odontolyticus,659
Johnsonella,660
Pseudoramibacter alactolyticus,661
Selenomonas sputigena,662
Mycoplasma faucium,663
Eubacterium minutum,664
Treponema lecithinolyticum,665
Eubacterium brachy,666
Dehalobacterium,667
Moraxellaceae,668
Yersinia,669
Aminobacterium,670
Acidobacteriaceae,671
Pseudonocardiaceae,672
Rhizobium,673
Enterobacteriaceae bacterium,674
Salmonella enterica,675
Bacillus coagulans,676
Bacteroides pectinophilus,677
Prevotella bryantii,678
Lactobacillus coleohominis,679
Streptococcus gallolyticus,680
Lactobacillus brevis,681
Methylotenera mobilis,682
Paracoccus aminovorans,683
Treponema amylovorum,684
Staphylococcus equorum,685
Sphingomonas changbaiensis,686
Methylobacterium adhaesivum,687
Anoxybacillus kestanbolensis,688
Pseudoxanthomonas mexicana,689
Sphingobium xenophagum,690
Rathayibacter caricis,691
Janthinobacterium lividum,692
Sphingomonas yabuuchiae,693
Bacillus flexus,694
Jeotgalicoccus psychrophilus,695
Acidobacteria,696
Neisseriaceae,697
Spirochaetaceae,698
Anaeroglobus geminatus,699
Enterobacter asburiae,700
Megasphaera micronuciformis,701
Paraprevotella clara,702
Bosea,703
Lactobacillus bulgaricus,704
Lactobacillus rhamnosus,705
Streptomyces,706
Sporobacter,707
Bradyrhizobiaceae,708
Actinomyces naeslundii,709
Scardovia wiggsiae,710
Delftia,711
Mycoplana,712
Clostridium xylanovorans,713
Peptoniphilus gorbachii,714
Acetanaerobacterium elongatum,715
Bifidobacterium animalis,716
Stoquefichus massiliensis,717
Blautia glucerasea,718
Bacteroides dorei,719
Catabacter hongkongensis,720
Lactobacillus mucosae,721
Papillibacter cinnamivorans,722
Butiricimonas,723
Enterobacter aerogenes,724
Atopobium parvulum,725
Cloacibacillus,726
Butyricicoccus,727
Fusicatenibacter saccharivorans,728
Clostridium oroticum,729
Adlercreutzia,730
Prevotella jejuni,731
Edaphobacter aggregans,732
Bradyrhizobium,733
Eubacterium hallii,734
Bifidobacterium pseudocatenulatum,735
Collinsella aerofaciens,736
Blautia luti,737
Lactobacillus jensenii,738
Mycoplasma hominis,739
Ureaplasma parvum,740
Anaerococcus vaginalis,741
Finegoldia magna,742
Ureaplasma,743
Lactobacillus vaginalis,744
Staphylococcus pasteuri,745
Lactobacillus delbrueckii,746
Enterococcus hirae,747
Mycoplasma genitalium,748
Sediminibacterium,749
Nitrososphaera,750
Erysipelotrichia,751
Mitsuokella multacida,752
Prevotella buccae,753
Phascolarctobacterium succinatutens,754
Mycobacterium tuberculosis,755
Shigella sonnei,756
Achromobacter,757
Mageeibacillus indolicus,758
Rhodocyclaceae,759
Brevibacillus,760
Armatimonadetes,761
Candidatus brocadia,762
Sulfuricella,763
Thauera,764
Geothrix,765
Dyella,766
Listeriaceae,767
Bacillaceae,768
Desulfovibrionaceae,769
Hydrogenophilaceae,770
Hyphomicrobiaceae,771
Clostridium XIVb,772
Mitsuokella,773
Pasteurellales,774
Akkermansiaceae,775
Bilophila wadsworthia,776
Ammoniphilus,777
Fusicatenibacter,778
Parabacteroides merdae,779
Alistipes finegoldii,780
Lachnospiraceae bacterium,781
Leptotrichia buccalis,782
Erysipelatoclostridium,783
Cetobacterium,784
Synergistes,785
Vivictivallis,786
Defluviitalea,787
Thermicanus,788
Pseudoxanthomonas,789
Eikenella,790
Saprolegnia,791
Intestinimonas,792
Mycobacterium,793
Dolosigranulum,794
Streptobacillus,795
Lautropia,796
Aquabacterium parvum,797
Epulopiscium,798
Acholeplasma,799
Candidatus phytoplasma,800
Amaricoccus,801
Anaeromyxobacter,802
Aquicella,803
Arsenicicoccus,804
Azospirillum,805
Chitinimonas,806
Chlorobaculum,807
Dokdonella,808
Gallionella,809
Geobacter,810
Idiomarina,811
Kaistia,812
Kribbella,813
Arcanobacterium,814
Blautia wexlerae,815
Blautia caecimuris,816
Odoribacter laneus,817
Alistipes obesi,818
Alistipes ihumii,819
Mucor racemosus,820
Clostridiales,821
Janibacter,822
Syntrophomonas,823
Dietzia,824
Sphingobium,825
Weissella,826
Pediococcus,827
Vampirovibrio,828
Acetivibrio,829
Fusobacteriales,830
Chitinophagaceae,831
Turicella,832
Corynebacteriaceae,833
Dermabacteraceae,834
Micromonosporaceae,835
Paraeggerthella,836
Planococcaceae,837
Gallibacterium,838
Weeksella,839
Spirodela,840
Lonepinella,841
Kineococcus,842
Alloscardovia,843
Psychromonas,844
Methanothermobacter,845
Gulbenkiania,846
Clostridium neonatale,847
Fluviicola,848
Pseudarcicella,849
Mogibacterium diversum,850
Alloprevotella rava,851
Catonella morbi,852
Cardiobacterium hominis,853
Oribacterium asaccharolyticum,854
Capnocytophaga leadbetteri,855
Anaerococcus lactolyticus,856
Varibaculum cambriense,857
Propionimicrobium lymphophilum,858
Helcococcus,859
Brachybacterium,860
Paludibacter,861
Ascomycota,862
Pichia,863
Penicillium brevicompactum,864
Alternaria,865
Candida albicans,866
Candida tropicalis,867
Nakaseomyces,868
Malassezia restricta,869
Clostridium citroniae,870
Porphyromonas asaccharolytica,871
Candidatus portiera,872
Providencia,873
Prevotella veroralis,874
Lachnoanaerobaculum orale,875
Mogibacterium neglectum,876
Romboutsia,877
Streptococcus infantis,878
Streptococcus alactolyticus,879
Streptococcus equi,880
Adlercreutzia equolifaciens,881
Clostridium colinum,882
Trophyrema,883
Halothiobacillus,884
Saccharophagus,885
Deferribacter,886
Halorubrum,887
Anabaena,888
Nitrosospira,889
Saccharomyces cerevisiae,890
Malassezia globosa,891
Malassezia sympodialis,892
Gibberella moniliformis,893
Alternaria brassicicola,894
Cryptococcus neoformans,895
Saccharomyces castellii,896
Aspergillus clavatus,897
Caulobacteriaceae,898
Limnobacter,899
Candida glabrata,900
Cystofilobasidiaceae,901
Dioszegia,902
Leptosphaeria,903
Pleosporales,904
Trichosporon,905
Gymnopilus,906
Psathyrella artemisiae,907
Cortinariaceae,908
Hymenochaete,909
Monilinia,910
Rhodobacteraceae,911
Malasseziales incertae sedis,912
Lasiosphaeriaceae,913
Thelephoraceae,914
Hyaloscyphaceae,915
Sclerodermataceae,916
Pyronemataceae,917
Montagnulaceae,918
Synergistaceae,919
Vibrisseaceae,920
Marasmiaceae,921
Glomeraceae,922
Russulaceae,923
Inocybaceae,924
Lophiostomataceae,925
Tuberaceae,926
Human adenovirus,927
Respiratory syncytial virus,928
Human coronavirus,929
Malassezia furfur,930
HSV-1,931
EBV,932
CMV,933
Prevotella enoeca,934
Actinomyces urogenitalis,935
Prevotella bergensis,936
Neisseria meningitidis,937
Neisseria subflava,938
Enhydrobacter aerosaccus,939
Fibrobacter succinogenes,940
Corynebacterium efficiens,941
Corynebacterium matruchotii,942
Thermonospora curvata,943
Streptococcus pyogenes,944
Treponema vincentii,945
Fretibacterium,946
Johnsonella ignava,947
Ralstonia insidiosa,948
Clavibacter michiganensis,949
Fusobacterium naviforme,950
Exiguobacterium oxidotolerans,951
Moraxella osloensis,952
Dolosigranulum pigrum,953
Neisseria oralis,954
Bacteroides salyersiae,955
Paraprevotella xylaniphila,956
Burkholderiales bacterium,957
SR1,958
Actinobaculum schaalii,959
Actinomyces neuii,960
Aerococcus urinae,961
Arhtrobacter cumminsii,962
Corynebacterium coyleae,963
Corynebacterium riegelii,964
Oligella urethralis,965
Rubellimicrobium,966
Knoellia,967
Hyphomonas,968
Lupinus,969
Oenothera,970
Pseudochrobactrum,971
Pseudidiomarina,972
Allobaculum,973
Succinatimonas,974
Cardiobacterium valvarum,975
Prevotella loescheii,976
Treponema medium,977
Methanoculleus,978
Methanomethylophilus,979
Fusobacterium mortiferum,980
Acidiphilium,981
Burkholderia fungorum,982
Leucobacter,983
Mitsuaria,984
Limnohabitans,985
Blautia producta,986
Hepadnaviridae,987
Polydnaviridae,988
Tymoviridae,989
Hepeviridae,990
Virgaviridae,991
Lactobacillus sp. L-YJ,992
Wautersiella,993
Chryseobacterium,994
Lactococcus lactis,995
Succinivibrionaceae,996
Neisseria gonorrhoeae,997
Sutterella sanguinus,998
Sutterella morbirenis,999
Porphyromonas somerae,1000
Monascus purpureus,1001
Eurotiomycetes,1002
Ophiostomataceae,1003
Rhodotorula dairenensis,1004
Aspergillus penicillioides,1005
Penicillium brocae,1006
Eremothecium sinecaudum,1007
Thermomyces lanuginosus,1008
Penicillium dierckxii,1009
Wallemia mellicola,1010
Aspergillus austroafricanus,1011
Pseudozyma churashimaensis,1012
Ustilaginaceae,1013
Penicillium steckii,1014
Leuconostocaceae,1015
Flavobacteriaceae,1016
Agrobacterium,1017
Meiothermus,1018
Rhodoplanes,1019
Rhodotorula mucilaginosa,1020
Macrococcus,1021
Marinicella,1022
Williamsia,1023
Dermabacter,1024
Gallicola,1025
Vogesella,1026
Larkinella,1027
Roseateles,1028
Hyphomicrobium,1029
Diaphorobacter,1030
Succiniclasticum,1031
Candida,1032
Aspergillus,1033
Filobasidium,1034
Malassezia,1035
Nevskia,1036
Nocardioidaceae,1037
Propionicimonas,1038
Methylobacteriaceae,1039
Epsilonproteobacteria,1040
Clostridium cluster XIVb,1041
Scardovia,1042
Sellimonas,1043
Carnobacterium,1044
Neisseria sicca,1045
Fusobacterium canifelinum,1046
Prevotella denticola,1047
Lawsonella,1048
Novispirillum,1049
Stemphylium,1050
Myxotrichaceae,1051
Acidimicrobiales,1052
Gluconacetobacter,1053
Hydrogenophaga,1054
Sphingopyxis,1055
Rhodobacter,1056
Alkaliphilus,1057
Mortierella,1058
Rhizopus,1059
Kluyveromyces,1060
Embellisia,1061
Haematonectria,1062
Ureaplasma parvum serovar 3,1063
Candidatus tammella,1064
Snowella rosea,1065
Sphingobacterium bambusae,1066
Campylobacter showae,1067
Dysgonomonas wimpennyi,1068
Selenomonas infelix,1069
Neisseria lactamica,1070
Acinetobacter gerneri,1071
Actinomyces meyeri,1072
Streptococcus tigurinus,1073
Mannheimia caviae,1074
Acinetobacter antiviralis,1075
Acinetobacter baumannii,1076
Acinetobacter rhizosphaerae,1077
Acinetobacter calcoaceticus,1078
Lactococcus garvieae,1079
Aerococcaceae,1080
Gelria,1081
Rhodanobacter,1082
Luteibacter,1083
Ruminococcus bicirculans,1084
Saccharibacter,1085
Enterococcus durans,1086
Enterobacter ludwigii,1087
Coprococcus comes,1088
Bacteroides faecis,1089
Candidatus arthromitus,1090
Chaetomiaceae,1091
Erysiphaceae,1092
Pseudeurotiaceae,1093
Lipomycetaceae,1094
Acremonium,1095
Thielaviopsis,1096
Moniliophthora,1097
Pisolithus,1098
Rhodotorula,1099
Marseillibacter massiliensis,1100
Xanthomonas,1101
Actinotalea,1102
Alishewanella,1103
Pseudoclavibacter,1104
Eubacterium sulci,1105
Lysinibacillus,1106
Oceanobacillus,1107
Devosia,1108
Ruminofilibacter,1109
Jatrophihabitans,1110
Vibrio,1111
Roseolovirus,1112
Bacteroides clarus,1113
Psychrobacter pulmonis,1114
Bacteroides xylanolyticus,1115
Holdemanella,1116
Faecalicoccus,1117
Intestinibacter,1118
Ezakiella,1119
Candidatus soleaferrea,1120
Eubacterium xylanophilum,1121
Murdochiella,1122
Negativicoccus,1123
Pseudothermotoga,1124
Wolbachia,1125
Candidatus Endolissoclinum,1126
Lysobacter,1127
Candidatus,1128
Sphingobium yanoikuyae,1129
Xanthobacteraceae,1130
Kocuria palustris,1131
Gordonia,1132
Penicillium,1133
Capnodiales,1134
Debaryomyces hansenii,1135
Candida railensis,1136
Malassezia slooffiae,1137
Naganishia diffluens,1138
Penicillium miczynskii,1139
Blastomonas,1140
Microviridae,1141
Myoviridae,1142
Podoviridae,1143
Pneumoviridae,1144
Anelloviridae,1145
Orthopneumovirus,1146
Coccolithovirus,1147
Mimivirus,1148
Orthopoxvirus,1149
Exophiala,1150
Acroconidiella,1151
Calyptella capula,1152
Fusarium solani,1153
Gibberella,1154
Lasiodiplodia pseudotheobromae,1155
Mortierella alpina,1156
Mycocentrospora,1157
Pichia exigua,1158
Preussia tetramera,1159
Rhizopus oryzae,1160
Pezoloma ericae,1161
Stagonosporopsis cucurbitacearum,1162
Aspergillus gracilis,1163
Issatchenkia,1164
Entyloma,1165
Dipodascus,1166
Hanseniaspora,1167
Hypsizygus,1168
Wallemia,1169
Naganishia,1170
Leucosporidium,1171
Deinococcus,1172
Glaciecola,1173
Georgenia,1174
Sarcandra,1175
Cellulomonas,1176
Lampropedia,1177
Sporosarcina,1178
Virgibacillus,1179
Yaniella,1180
Frigoribacterium,1181
Sanguibacter,1182
Desulfomicrobium,1183
Helicobacter pylori,1184
Anaerovibrio,1185
Howardella,1186
Lactobacillus taiwanensis,1187
Elusimicrobiaceae,1188
Dickeya,1189
Conexibacteraceae,1190
Alysiella,1191
Negativicutes,1192
Ruminoclostridium cellulolyticum,1193
Campylobacter jejuni,1194
Chloracidobacterium thermophilum B,1195
Coraliomargarita akajimensis,1196
Spirochaeta thermophila,1197
Ophiocordyceps,1198
Guignardia,1199
Lysurus,1200
Antrodiella,1201
Boletus,1202
Facklamia,1203
Edwardsiella,1204
Xenorhabdus,1205
Collimonas,1206
Methylobacterium radiotolerans,1207
Bacillus alcalophilus,1208
Brachybacterium muris,1209
Mycobacterium phlei,1210
Lactobacillus rossiae,1211
Mycobacterium fortuitum,1212
Microbacterium barkeri,1213
Ralstonia pickettii,1214
Acinetobacter radioresistens,1215
Fastidiospila,1216
Erysipelothrix,1217
Beijerinckiaceae,1218
Deferribacteriales incertae cedis,1219
Caldithrix,1220
Desulfobacteraceae,1221
Citricoccus,1222
Fusobacterium perfoetens,1223
Negativibacillus,1224
Eubacterium dolichum,1225
Robinsoniella,1226
Aggregatibacter segnis,1227
Hydrotalea,1228
Clostridium III,1229
Parcubacteria incertae sedis,1230
Pirellula,1231
Verrucomicrobiaceae,1232
Rheinheimera,1233
Geodermatophilaceae,1234
Methylobacillus,1235
Aciditerrimonas,1236
Parachlamydiaceae,1237
Ulvibacter,1238
Gp21,1239
Gp7,1240
Latescibacteria incertae sedis,1241
Hafnia,1242
Lactobacillus johnsonii,1243
Ralstonia solanacearum,1244
Eubacteriaceae,1245
Rickenellaceae,1246
Sulfurovum,1247
Acinetobacter junii,1248
Actinomyces europaeus,1249
Bacteroides cellulosilyticus,1250
Microcella,1251
Ottowia,1252
Anaerolineaceae,1253
Propionibacterium avidum,1254
Staphylococcus capitis,1255
Neisseria flava,1256
Treponema pectinovorum,1257
Atopobium rimae,1258
Streptococcus thoraltensis,1259
Lactobacillus paracasei,1260
Mogibacterium vescum,1261
Kingella denitrificans,1262
Kingella oralis,1263
Kazachstania turicensis,1264
Monographella nivalis,1265
Alternaria alternata,1266
Candida solani,1267
Vishniacozyma victoriae,1268
Penicillium spinulosum,1269
Kazachstania telluris,1270
Davidiella tassiana,1271
Eisenbergiella,1272
Rhodosporidium,1273
Pneumocystis,1274
Sterigmatomyces,1275
Cryptococcus,1276
Davidiella,1277
Agathobacter,1278
Muribaculaceae,1279
Buchnera,1280
Mycoplasma hyosynoviae,1281
Aliihoeflea,1282
Pannonibacter,1283
Glutamicibacter,1284
Aspergillus fumigatus,1285
Bipolaris,1286
Chaetomium,1287
Debaryomyces,1288
Collinsella intestinalis,1289
Campylobacter ureolyticus,1290
Epstein-Barr virus,1291
Human papillomavirus,1292
Sutterellaceae,1293
Stenotrophomas maltophila,1294
Neisseria cinerea,1295
Solitalea,1296
Arcobacter,1297
Jonquetella anthropi,1298
Actinobaculum massiliense,1299
Corynebacterium appendicis,1300
Mucispirillum,1301
Prevotella baroniae,1302
Leptothrix,1303
Brevundimonas diminuta,1304
Porphyrobacter tepidarius,1305
Sphingomonas echinoides,1306
Pseudomonas fluorescens,1307
Leptotrichia goodfellowii,1308
Xylophilus,1309
Simplicispira,1310
Herbaspirillum,1311
Exiguobacterium,1312
Blautia hydrogenotrophica,1313
Eisenbergiella tayi,1314
Eisenbergiella massiliensis,1315
Hungatella hathewayi,1316
Blautia massiliensis,1317
Agathobaculum desmolans,1318
Ruthenibacterium lactatiformans,1319
Blautia hansenii,1320
Macellibacteroides fermentans,1321
Treponema phagedenis,1322
Haemophilus haemolyticus,1323
Laceyella,1324
Atopostipes,1325
Jonquetella,1326
Anaerorhabdus,1327
Megamonas rupellensis,1328
Phocaeicola,1329
Simonsiella,1330
Myroides,1331
Isoptericola,1332
Flexilinea,1333
Actinomyces dentalis,1334
Actinomyces israelii,1335
Pseudopropionibacterium propionicum,1336
Alloprevotella tannerae,1337
Pseudomonas stutzeri,1338
Actinomyces georgiae,1339
Selenomonas artemidis,1340
Schwartzia,1341
Epicoccum,1342
Galactomyces,1343
Candida dubliniensis,1344
Saccharomyces,1345
Gemmiger formicilis,1346
Clostridium cellulovorans,1347
Coprobacter fastidiosus,1348
Rhinovirus,1349
Stramenopiles,1350
Synechococcus,1351
Byssochlamys,1352
Helotiales,1353
Pusillimonas,1354
Desemzia,1355
Symbiobacterium,1356
Tepidimicrobium,1357
Thermovum,1358
Ureibacillus,1359
Halocella,1360
Tepidanaerobacter,1361
Prevotella amnii,1362
Prevotella buccalis,1363
Variovorax guangxiensis,1364
Caudovirales,1365
Shuttleworthia satelles,1366
Mycoplasma salivarium,1367
Circoviridae,1368
Cronobacter muytjensii,1369
Filobasidium floriforme,1370
Coniochaeta velutina,1371
Didymella,1372
Bacillus megaterium,1373
Buchnera aphidicola,1374
Candidatus Azobacteroides,1375
Candidatus Azobacteroides pseudotrichonymphae,1376
Halobacillus mangrovi,1377
Wenyingzhuangia fucanilytica,1378
Brucella,1379
Capnocytophaga canimorsus,1380
Cellulosimicrobium,1381
Lutibacter,1382
Scardovia inopinata,1383
Torulaspora delbrueckii,1384
Actinomyces lingnae,1385
Porphyromonas pasteri,1386
Lactobacillus casei,1387
Lactobacillus parafarraginis,1388
Comamonas testosteroni,1389
Pseudomonas pseudoalcaligenes,1390
Burkholderiaceae,1391
Staphylococcus warneri,1392
Cryptobacterium curtum,1393
Eubacterium infirmum,1394
Blastocystis,1395
Sclerotiniaceae,1396
Thermus,1397
Lactobacillus sanfranciscensis,1398
Desulfovibrio longreachensis,1399
Porphyromonas uenonis,1400
Desulfovibrio vietnamensis,1401
Lachnospira multipara,1402
Mucor fuscus,1403
Tepidimonas,1404
Corynebacterium simulans,1405
Pseudomonas veronii,1406
Acinetobacter lwoffii,1407
Acinetobacter johnsonii,1408
Eggerthellaceae,1409
Parabacteroides johnsonii,1410
Phocea massiliensis,1411
Starmerella etchellii,1412
Hannaella luteola,1413
Trametes,1414
Hanseniaspora uvarum,1415
Alternaria tamaricis,1416
Cladosporium halotolerans,1417
Filobasidium stepposum,1418
Cystofilobasidium macerans,1419
Penicillium expansum,1420
Solibacillus,1421
Pilibacter,1422
Lutispora,1423
Proteiniclasticum,1424
Thermodesulfobium,1425
Cutibacterium,1426
Corynebacterium striatum,1427
Ruminococcus gauvreauii,1428
Patescibacteria,1429
Trichoderma,1430
Microascaceae,1431
Bionectriaceae,1432
Glomerellales,1433
Scedosporium,1434
Cephalotrichum,1435
Aspergillaceae,1436
Purpureocillium,1437
Hypocreaceae,1438
Rhodococcus erythropolis,1439
Erwinia mallotivora,1440
Staphylococcus hominis,1441
Rhizophagus,1442
Ramularia collo-cygni,1443
Candidatus Methanomethylophilus alvus,1444
Cyanothece,1445
Solobacterium moorei,1446
Orthobunyavirus,1447
Inovirus,1448
Tunalikevirus,1449
Fromanvirus,1450
Phikzvirus,1451
Betabaculovirus,1452
Zindervirus,1453
Moineauvirus,1454
Punavirus,1455
Lambdavirus,1456
Ceduovirus,1457
Muvirus,1458
Twortvirus,1459
Gammasphaerolipovirus,1460
Circovirus,1461
Okubovirus,1462
Cytomegalovirus,1463
Uetekavirus,1464
Ravinvirus,1465
Phikmvvirus,1466
Cyprinivirus,1467
Lymphocryptovirus,1468
Clostridium celatum,1469
Streptococcus sobrinus,1470
Haemophilus aegyptius,1471
Xylaria,1472
Ramularia,1473
Kluyvera ascorbata,1474
Bacteroides nordii,1475
Mycosphaerella,1476
Ganoderma,1477
Exidia,1478
Pilatoporus,1479
Engyodontium,1480
Eggerthella sinensis,1481
Fournierella,1482
Desulfohalobium,1483
Pseudocitrobacter,1484
Youngiibacter,1485
Carboxydothermus,1486
Hwanghaeicola,1487
Constrictibacter,1488
Nitriliruptor,1489
Dichelobacter,1490
Hydrogenoanaerobacterium,1491
Human herpesvirus 6,1492
Mycoplasma pneumoniae,1493
Pseudomonas putida,1494
Amphritea,1495
Candidatus saccharibacteria bacterium,1496
Anaerococcus hydrogenalis,1497
Gemella asaccharolytica,1498
Veillonella montpellierensis,1499
Eubacterium cellulosolvens,1500
Sneathia amnii,1501
Anaerococcus prevotii,1502
Streptococcus lutetiensis,1503
Lactobacillus helveticus,1504
Lactobacillus amylolyticus,1505
Lactobacillus acetotolerans,1506
Anaerococcus degenerii,1507
Keratinibaculum paraultunense,1508
Delftia tsuruhatensis,1509
Oscillibacter valericigenes,1510
Leuconostoc holzapfelii,1511
Leuconostoc citreum,1512
Butyrivibrio crossotus,1513
Terrisporobacter,1514
Staphylococcus xylosus,1515
Lactobacillus oris,1516
Alkaliphilus oremlandii,1517
Cronobacter sakazaki,1518
Clostridium sartagoforme,1519
Bacteroides barnesiae,1520
Lysinibacillus boronitolerans,1521
Oerskovia,1522
Planococcus,1523
Ramlibacter,1524
Neorhizobium,1525
Citrobacter koseri,1526
Lactobacillus antri,1527
Faecalitalea,1528
Fusarium,1529
Salinivibrio,1530
Thermomonas,1531
Cohaesibacter,1532
Tenacibaculum,1533
Methylophaga,1534
Mycobacterium vaccae,1535
Pseudoclavibacter bifida,1536
Lactobacillus zeae,1537
Prevotella marshii,1538
Bacteroides sartorii,1539
Prevotella corporis,1540
Nigrospora oryzae,1541
Microdochium,1542
Aureobasidium pullulans,1543
Ophiosphaerella,1544
Aspergillus sydowii,1545
Sistotremastrum suecicum,1546
Papiliotrema flavescens,1547
Rhynchogastrema tunnelae,1548
Sistotrema brinkmannii,1549
Toxicocladosporium strelitziae,1550
Clostridium paraputrificum,1551
Cellulosilyticum ruminicola,1552
Coprobacter,1553
Verticillium,1554
Dialister succinatiphilus,1555
Sporomusa,1556
Mycobacteriaceae,1557
Methanobacteriaceae,1558
Phenylobacterium,1559
Oribacterium parvum,1560
Veillonella rogosae,1561
Neisseria bacilliformis,1562
Oceanivirga,1563
Peptoanaerobacter,1564
Pseudomonas viridiflava,1565
Vagococcus,1566
Acinetobacter guillouiae,1567
Anaerotruncus colihominis,1568
Anaerofustis stercorihominis,1569
Candida sake,1570
Bacillus fumarioli,1571
Victivallaceae,1572
Cutibacterium acnes,1573
Serratia marcescens,1574
Candida auris,1575
Aspergillus flavus,1576
Aspergillus niger,1577
Catabacter,1578
Kineothrix,1579
Hungatella effluvii ,1580
Bacteroides fluxus,1581
Coprobacter secundus,1582
Absiella innocuum,1583
Escherichia-Shigella,1584
